timestamp,heart rate zone,total minutes,data source
2025-11-01T15:56:00Z,FAT_BURN,1,Charge 6
2025-11-01T15:57:00Z,FAT_BURN,1,Charge 6
2025-11-01T16:03:00Z,FAT_BURN,1,Charge 6
2025-11-01T16:04:00Z,FAT_BURN,1,Charge 6
2025-11-01T16:05:00Z,FAT_BURN,1,Charge 6
2025-11-01T16:06:00Z,FAT_BURN,1,Charge 6
2025-11-01T16:07:00Z,FAT_BURN,1,Charge 6
2025-11-01T16:10:00Z,FAT_BURN,1,Charge 6
2025-11-01T16:11:00Z,FAT_BURN,1,Charge 6
2025-11-01T16:12:00Z,FAT_BURN,1,Charge 6
2025-11-01T16:13:00Z,FAT_BURN,1,Charge 6
2025-11-01T16:14:00Z,FAT_BURN,1,Charge 6
2025-11-01T16:15:00Z,FAT_BURN,1,Charge 6
2025-11-01T16:16:00Z,FAT_BURN,1,Charge 6
2025-11-01T16:17:00Z,FAT_BURN,1,Charge 6
2025-11-01T16:18:00Z,FAT_BURN,1,Charge 6
2025-11-01T16:19:00Z,FAT_BURN,1,Charge 6
2025-11-01T16:20:00Z,FAT_BURN,1,Charge 6
2025-11-01T16:21:00Z,FAT_BURN,1,Charge 6
2025-11-01T16:22:00Z,FAT_BURN,1,Charge 6
2025-11-01T16:23:00Z,FAT_BURN,1,Charge 6
2025-11-01T16:24:00Z,FAT_BURN,1,Charge 6
2025-11-01T16:25:00Z,FAT_BURN,1,Charge 6
2025-11-01T16:26:00Z,FAT_BURN,1,Charge 6
2025-11-01T16:27:00Z,FAT_BURN,1,Charge 6
2025-11-01T16:28:00Z,FAT_BURN,1,Charge 6
2025-11-01T16:29:00Z,FAT_BURN,1,Charge 6
2025-11-01T16:30:00Z,FAT_BURN,1,Charge 6
2025-11-01T16:31:00Z,FAT_BURN,1,Charge 6
2025-11-01T16:33:00Z,FAT_BURN,1,Charge 6
2025-11-01T16:39:00Z,FAT_BURN,1,Charge 6
2025-11-01T16:40:00Z,FAT_BURN,1,Charge 6
2025-11-01T16:41:00Z,FAT_BURN,1,Charge 6
2025-11-01T16:42:00Z,FAT_BURN,1,Charge 6
2025-11-01T16:43:00Z,FAT_BURN,1,Charge 6
2025-11-01T16:44:00Z,FAT_BURN,1,Charge 6
2025-11-01T16:45:00Z,FAT_BURN,1,Charge 6
2025-11-01T16:46:00Z,FAT_BURN,1,Charge 6
2025-11-01T16:47:00Z,FAT_BURN,1,Charge 6
2025-11-01T16:48:00Z,FAT_BURN,1,Charge 6
2025-11-01T16:49:00Z,FAT_BURN,1,Charge 6
2025-11-01T16:50:00Z,FAT_BURN,1,Charge 6
2025-11-01T16:51:00Z,FAT_BURN,1,Charge 6
2025-11-01T16:52:00Z,FAT_BURN,1,Charge 6
2025-11-01T16:53:00Z,CARDIO,2,Charge 6
2025-11-01T16:54:00Z,FAT_BURN,1,Charge 6
2025-11-01T16:55:00Z,FAT_BURN,1,Charge 6
2025-11-01T16:56:00Z,FAT_BURN,1,Charge 6
2025-11-01T16:57:00Z,FAT_BURN,1,Charge 6
2025-11-01T16:58:00Z,FAT_BURN,1,Charge 6
2025-11-01T16:59:00Z,FAT_BURN,1,Charge 6
2025-11-01T17:00:00Z,FAT_BURN,1,Charge 6
2025-11-01T17:01:00Z,FAT_BURN,1,Charge 6
2025-11-01T17:02:00Z,FAT_BURN,1,Charge 6
2025-11-01T17:03:00Z,FAT_BURN,1,Charge 6
2025-11-01T17:04:00Z,FAT_BURN,1,Charge 6
2025-11-01T17:15:00Z,FAT_BURN,1,Charge 6
2025-11-01T17:16:00Z,FAT_BURN,1,Charge 6
2025-11-01T17:17:00Z,FAT_BURN,1,Charge 6
2025-11-01T17:18:00Z,FAT_BURN,1,Charge 6
2025-11-01T17:19:00Z,FAT_BURN,1,Charge 6
2025-11-01T17:20:00Z,FAT_BURN,1,Charge 6
2025-11-01T17:21:00Z,FAT_BURN,1,Charge 6
2025-11-01T17:22:00Z,FAT_BURN,1,Charge 6
2025-11-01T17:23:00Z,FAT_BURN,1,Charge 6
2025-11-01T17:24:00Z,FAT_BURN,1,Charge 6
2025-11-01T17:25:00Z,FAT_BURN,1,Charge 6
2025-11-01T17:26:00Z,FAT_BURN,1,Charge 6
2025-11-01T17:27:00Z,FAT_BURN,1,Charge 6
2025-11-01T17:28:00Z,FAT_BURN,1,Charge 6
2025-11-01T17:29:00Z,FAT_BURN,1,Charge 6
2025-11-01T17:30:00Z,FAT_BURN,1,Charge 6
2025-11-01T17:31:00Z,FAT_BURN,1,Charge 6
2025-11-01T17:32:00Z,FAT_BURN,1,Charge 6
2025-11-01T17:33:00Z,FAT_BURN,1,Charge 6
2025-11-01T17:34:00Z,FAT_BURN,1,Charge 6
2025-11-01T17:35:00Z,FAT_BURN,1,Charge 6
2025-11-01T17:36:00Z,FAT_BURN,1,Charge 6
2025-11-01T17:37:00Z,FAT_BURN,1,Charge 6
2025-11-01T17:38:00Z,FAT_BURN,1,Charge 6
2025-11-01T17:39:00Z,FAT_BURN,1,Charge 6
2025-11-01T17:40:00Z,FAT_BURN,1,Charge 6
2025-11-01T17:41:00Z,FAT_BURN,1,Charge 6
2025-11-01T17:42:00Z,FAT_BURN,1,Charge 6
2025-11-01T17:43:00Z,FAT_BURN,1,Charge 6
2025-11-01T17:44:00Z,FAT_BURN,1,Charge 6
2025-11-01T17:45:00Z,FAT_BURN,1,Charge 6
2025-11-01T17:47:00Z,FAT_BURN,1,Charge 6
2025-11-01T17:48:00Z,FAT_BURN,1,Charge 6
2025-11-01T17:53:00Z,FAT_BURN,1,Charge 6
2025-11-01T17:54:00Z,FAT_BURN,1,Charge 6
2025-11-01T17:55:00Z,FAT_BURN,1,Charge 6
2025-11-01T17:56:00Z,FAT_BURN,1,Charge 6
2025-11-01T17:57:00Z,FAT_BURN,1,Charge 6
2025-11-01T17:58:00Z,FAT_BURN,1,Charge 6
2025-11-01T17:59:00Z,FAT_BURN,1,Charge 6
2025-11-01T18:00:00Z,FAT_BURN,1,Charge 6
2025-11-01T18:01:00Z,FAT_BURN,1,Charge 6
2025-11-01T18:02:00Z,FAT_BURN,1,Charge 6
2025-11-01T18:03:00Z,FAT_BURN,1,Charge 6
2025-11-01T18:04:00Z,FAT_BURN,1,Charge 6
2025-11-01T18:05:00Z,FAT_BURN,1,Charge 6
2025-11-01T18:06:00Z,FAT_BURN,1,Charge 6
2025-11-01T18:07:00Z,FAT_BURN,1,Charge 6
2025-11-01T18:08:00Z,FAT_BURN,1,Charge 6
2025-11-01T18:09:00Z,FAT_BURN,1,Charge 6
2025-11-01T18:10:00Z,FAT_BURN,1,Charge 6
2025-11-01T18:11:00Z,FAT_BURN,1,Charge 6
2025-11-01T18:12:00Z,FAT_BURN,1,Charge 6
2025-11-01T18:13:00Z,FAT_BURN,1,Charge 6
2025-11-01T18:14:00Z,FAT_BURN,1,Charge 6
2025-11-01T18:15:00Z,FAT_BURN,1,Charge 6
2025-11-01T18:16:00Z,FAT_BURN,1,Charge 6
2025-11-01T18:17:00Z,FAT_BURN,1,Charge 6
2025-11-01T18:18:00Z,FAT_BURN,1,Charge 6
2025-11-01T18:19:00Z,FAT_BURN,1,Charge 6
2025-11-01T18:25:00Z,FAT_BURN,1,Charge 6
2025-11-01T18:34:00Z,FAT_BURN,1,Charge 6
2025-11-01T19:49:00Z,FAT_BURN,1,Charge 6
2025-11-01T19:50:00Z,FAT_BURN,1,Charge 6
2025-11-01T19:51:00Z,FAT_BURN,1,Charge 6
2025-11-01T19:52:00Z,FAT_BURN,1,Charge 6
2025-11-01T20:37:00Z,FAT_BURN,1,Charge 6
2025-11-01T20:38:00Z,FAT_BURN,1,Charge 6
2025-11-01T20:39:00Z,FAT_BURN,1,Charge 6
2025-11-01T20:40:00Z,FAT_BURN,1,Charge 6
2025-11-02T00:31:00Z,FAT_BURN,1,Charge 6
2025-11-02T00:32:00Z,FAT_BURN,1,Charge 6
2025-11-02T00:33:00Z,FAT_BURN,1,Charge 6
2025-11-02T00:34:00Z,FAT_BURN,1,Charge 6
2025-11-02T00:35:00Z,FAT_BURN,1,Charge 6
2025-11-02T00:44:00Z,FAT_BURN,1,Charge 6
2025-11-02T00:48:00Z,FAT_BURN,1,Charge 6
2025-11-02T00:51:00Z,FAT_BURN,1,Charge 6
2025-11-02T00:52:00Z,FAT_BURN,1,Charge 6
2025-11-02T00:57:00Z,FAT_BURN,1,Charge 6
2025-11-02T01:03:00Z,FAT_BURN,1,Charge 6
2025-11-02T01:04:00Z,FAT_BURN,1,Charge 6
2025-11-02T01:05:00Z,FAT_BURN,1,Charge 6
2025-11-02T01:06:00Z,FAT_BURN,1,Charge 6
2025-11-02T01:07:00Z,FAT_BURN,1,Charge 6
2025-11-02T01:09:00Z,FAT_BURN,1,Charge 6
2025-11-02T01:10:00Z,FAT_BURN,1,Charge 6
2025-11-02T01:13:00Z,FAT_BURN,1,Charge 6
2025-11-02T01:14:00Z,FAT_BURN,1,Charge 6
2025-11-02T01:18:00Z,FAT_BURN,1,Charge 6
2025-11-02T01:29:00Z,FAT_BURN,1,Charge 6
2025-11-02T01:30:00Z,FAT_BURN,1,Charge 6
2025-11-02T01:49:00Z,FAT_BURN,1,Charge 6
2025-11-02T01:52:00Z,FAT_BURN,1,Charge 6
2025-11-02T01:55:00Z,FAT_BURN,1,Charge 6
2025-11-02T02:01:00Z,FAT_BURN,1,Charge 6
2025-11-02T02:02:00Z,FAT_BURN,1,Charge 6
2025-11-02T02:03:00Z,FAT_BURN,1,Charge 6
2025-11-02T02:04:00Z,FAT_BURN,1,Charge 6
2025-11-02T16:37:00Z,FAT_BURN,1,Charge 6
2025-11-02T16:39:00Z,CARDIO,2,Charge 6
2025-11-02T16:40:00Z,FAT_BURN,1,Charge 6
2025-11-02T16:41:00Z,FAT_BURN,1,Charge 6
2025-11-02T16:51:00Z,FAT_BURN,1,Charge 6
2025-11-02T16:52:00Z,FAT_BURN,1,Charge 6
2025-11-02T16:53:00Z,FAT_BURN,1,Charge 6
2025-11-02T16:54:00Z,FAT_BURN,1,Charge 6
2025-11-02T23:14:00Z,FAT_BURN,1,Charge 6
2025-11-02T23:15:00Z,FAT_BURN,1,Charge 6
2025-11-02T23:16:00Z,FAT_BURN,1,Charge 6
2025-11-02T23:17:00Z,FAT_BURN,1,Charge 6
2025-11-02T23:21:00Z,FAT_BURN,1,Charge 6
2025-11-02T23:24:00Z,FAT_BURN,1,Charge 6
2025-11-02T23:27:00Z,FAT_BURN,1,Charge 6
2025-11-02T23:29:00Z,FAT_BURN,1,Charge 6
2025-11-02T23:31:00Z,FAT_BURN,1,Charge 6
2025-11-02T23:32:00Z,CARDIO,2,Charge 6
2025-11-02T23:33:00Z,FAT_BURN,1,Charge 6
2025-11-02T23:34:00Z,FAT_BURN,1,Charge 6
2025-11-02T23:35:00Z,CARDIO,2,Charge 6
2025-11-02T23:36:00Z,FAT_BURN,1,Charge 6
2025-11-02T23:37:00Z,FAT_BURN,1,Charge 6
2025-11-02T23:38:00Z,FAT_BURN,1,Charge 6
2025-11-02T23:39:00Z,FAT_BURN,1,Charge 6
2025-11-02T23:40:00Z,FAT_BURN,1,Charge 6
2025-11-02T23:41:00Z,FAT_BURN,1,Charge 6
2025-11-02T23:42:00Z,FAT_BURN,1,Charge 6
2025-11-02T23:43:00Z,FAT_BURN,1,Charge 6
2025-11-02T23:44:00Z,FAT_BURN,1,Charge 6
2025-11-02T23:45:00Z,FAT_BURN,1,Charge 6
2025-11-02T23:46:00Z,FAT_BURN,1,Charge 6
2025-11-02T23:47:00Z,FAT_BURN,1,Charge 6
2025-11-02T23:48:00Z,CARDIO,2,Charge 6
2025-11-02T23:49:00Z,CARDIO,2,Charge 6
2025-11-02T23:50:00Z,CARDIO,2,Charge 6
2025-11-02T23:51:00Z,FAT_BURN,1,Charge 6
2025-11-02T23:52:00Z,FAT_BURN,1,Charge 6
2025-11-02T23:53:00Z,FAT_BURN,1,Charge 6
2025-11-02T23:54:00Z,FAT_BURN,1,Charge 6
2025-11-02T23:55:00Z,FAT_BURN,1,Charge 6
2025-11-02T23:56:00Z,FAT_BURN,1,Charge 6
2025-11-02T23:57:00Z,CARDIO,2,Charge 6
2025-11-02T23:58:00Z,FAT_BURN,1,Charge 6
2025-11-02T23:59:00Z,FAT_BURN,1,Charge 6
2025-11-03T00:00:00Z,FAT_BURN,1,Charge 6
2025-11-03T00:01:00Z,FAT_BURN,1,Charge 6
2025-11-03T00:02:00Z,CARDIO,2,Charge 6
2025-11-03T00:03:00Z,CARDIO,2,Charge 6
2025-11-03T00:04:00Z,FAT_BURN,1,Charge 6
2025-11-03T00:05:00Z,FAT_BURN,1,Charge 6
2025-11-03T00:06:00Z,FAT_BURN,1,Charge 6
2025-11-03T00:07:00Z,FAT_BURN,1,Charge 6
2025-11-03T00:08:00Z,FAT_BURN,1,Charge 6
2025-11-03T00:09:00Z,FAT_BURN,1,Charge 6
2025-11-03T00:28:00Z,FAT_BURN,1,Charge 6
2025-11-03T00:29:00Z,FAT_BURN,1,Charge 6
2025-11-03T00:30:00Z,FAT_BURN,1,Charge 6
2025-11-03T00:31:00Z,FAT_BURN,1,Charge 6
2025-11-03T00:32:00Z,FAT_BURN,1,Charge 6
2025-11-03T00:46:00Z,FAT_BURN,1,Charge 6
2025-11-03T00:47:00Z,FAT_BURN,1,Charge 6
2025-11-03T00:48:00Z,FAT_BURN,1,Charge 6
2025-11-03T00:50:00Z,FAT_BURN,1,Charge 6
2025-11-03T00:51:00Z,FAT_BURN,1,Charge 6
2025-11-03T00:52:00Z,FAT_BURN,1,Charge 6
2025-11-03T00:53:00Z,FAT_BURN,1,Charge 6
2025-11-03T00:54:00Z,FAT_BURN,1,Charge 6
2025-11-03T00:56:00Z,FAT_BURN,1,Charge 6
2025-11-03T00:57:00Z,FAT_BURN,1,Charge 6
2025-11-03T00:59:00Z,FAT_BURN,1,Charge 6
2025-11-03T01:00:00Z,FAT_BURN,1,Charge 6
2025-11-03T01:04:00Z,FAT_BURN,1,Charge 6
2025-11-03T01:07:00Z,FAT_BURN,1,Charge 6
2025-11-03T01:08:00Z,FAT_BURN,1,Charge 6
2025-11-03T01:09:00Z,FAT_BURN,1,Charge 6
2025-11-03T02:35:00Z,FAT_BURN,1,Charge 6
2025-11-03T02:36:00Z,FAT_BURN,1,Charge 6
2025-11-03T04:12:00Z,FAT_BURN,1,Charge 6
2025-11-03T04:13:00Z,FAT_BURN,1,Charge 6
2025-11-03T04:25:00Z,FAT_BURN,1,Charge 6
2025-11-03T04:26:00Z,FAT_BURN,1,Charge 6
2025-11-03T04:27:00Z,FAT_BURN,1,Charge 6
2025-11-03T04:28:00Z,FAT_BURN,1,Charge 6
2025-11-03T04:29:00Z,FAT_BURN,1,Charge 6
2025-11-03T04:31:00Z,FAT_BURN,1,Charge 6
2025-11-03T04:34:00Z,FAT_BURN,1,Charge 6
2025-11-03T04:36:00Z,FAT_BURN,1,Charge 6
2025-11-03T04:37:00Z,FAT_BURN,1,Charge 6
2025-11-03T04:38:00Z,CARDIO,2,Charge 6
2025-11-03T04:39:00Z,FAT_BURN,1,Charge 6
2025-11-03T04:40:00Z,FAT_BURN,1,Charge 6
2025-11-03T04:42:00Z,FAT_BURN,1,Charge 6
2025-11-03T04:43:00Z,CARDIO,2,Charge 6
2025-11-03T04:44:00Z,PEAK,2,Charge 6
2025-11-03T04:45:00Z,CARDIO,2,Charge 6
2025-11-03T04:46:00Z,PEAK,2,Charge 6
2025-11-03T04:47:00Z,PEAK,2,Charge 6
2025-11-03T04:48:00Z,PEAK,2,Charge 6
2025-11-03T04:49:00Z,PEAK,2,Charge 6
2025-11-03T04:50:00Z,CARDIO,2,Charge 6
2025-11-03T04:51:00Z,FAT_BURN,1,Charge 6
2025-11-03T04:52:00Z,FAT_BURN,1,Charge 6
2025-11-03T04:53:00Z,FAT_BURN,1,Charge 6
2025-11-03T05:14:00Z,CARDIO,2,Charge 6
2025-11-03T05:15:00Z,PEAK,2,Charge 6
2025-11-03T05:16:00Z,PEAK,2,Charge 6
2025-11-03T05:17:00Z,PEAK,2,Charge 6
2025-11-03T05:18:00Z,PEAK,2,Charge 6
2025-11-03T05:19:00Z,CARDIO,2,Charge 6
2025-11-03T05:20:00Z,PEAK,2,Charge 6
2025-11-03T05:21:00Z,PEAK,2,Charge 6
2025-11-03T05:22:00Z,CARDIO,2,Charge 6
2025-11-03T05:23:00Z,PEAK,2,Charge 6
2025-11-03T05:24:00Z,PEAK,2,Charge 6
2025-11-03T05:25:00Z,CARDIO,2,Charge 6
2025-11-03T05:26:00Z,FAT_BURN,1,Charge 6
2025-11-03T05:27:00Z,FAT_BURN,1,Charge 6
2025-11-03T05:28:00Z,FAT_BURN,1,Charge 6
2025-11-03T05:29:00Z,FAT_BURN,1,Charge 6
2025-11-03T05:30:00Z,FAT_BURN,1,Charge 6
2025-11-03T05:31:00Z,FAT_BURN,1,Charge 6
2025-11-03T05:32:00Z,FAT_BURN,1,Charge 6
2025-11-03T05:34:00Z,FAT_BURN,1,Charge 6
2025-11-03T05:35:00Z,FAT_BURN,1,Charge 6
2025-11-03T05:36:00Z,FAT_BURN,1,Charge 6
2025-11-03T05:37:00Z,FAT_BURN,1,Charge 6
2025-11-03T05:38:00Z,FAT_BURN,1,Charge 6
2025-11-03T05:39:00Z,FAT_BURN,1,Charge 6
2025-11-03T05:40:00Z,FAT_BURN,1,Charge 6
2025-11-03T05:41:00Z,FAT_BURN,1,Charge 6
2025-11-03T17:42:00Z,FAT_BURN,1,Charge 6
2025-11-03T17:43:00Z,FAT_BURN,1,Charge 6
2025-11-03T17:44:00Z,FAT_BURN,1,Charge 6
2025-11-03T20:58:00Z,FAT_BURN,1,Charge 6
2025-11-03T20:59:00Z,FAT_BURN,1,Charge 6
2025-11-03T21:00:00Z,FAT_BURN,1,Charge 6
2025-11-04T01:00:00Z,FAT_BURN,1,Charge 6
2025-11-04T01:55:00Z,FAT_BURN,1,Charge 6
2025-11-04T01:56:00Z,FAT_BURN,1,Charge 6
2025-11-04T01:57:00Z,FAT_BURN,1,Charge 6
2025-11-04T01:58:00Z,FAT_BURN,1,Charge 6
2025-11-04T03:53:00Z,FAT_BURN,1,Charge 6
2025-11-04T03:54:00Z,FAT_BURN,1,Charge 6
2025-11-04T03:55:00Z,FAT_BURN,1,Charge 6
2025-11-04T03:56:00Z,FAT_BURN,1,Charge 6
2025-11-04T03:57:00Z,FAT_BURN,1,Charge 6
2025-11-04T03:58:00Z,FAT_BURN,1,Charge 6
2025-11-04T05:00:00Z,FAT_BURN,1,Charge 6
2025-11-04T05:01:00Z,FAT_BURN,1,Charge 6
2025-11-04T05:02:00Z,FAT_BURN,1,Charge 6
2025-11-04T05:03:00Z,FAT_BURN,1,Charge 6
2025-11-04T05:04:00Z,FAT_BURN,1,Charge 6
2025-11-04T05:05:00Z,FAT_BURN,1,Charge 6
2025-11-04T05:06:00Z,FAT_BURN,1,Charge 6
2025-11-04T05:07:00Z,FAT_BURN,1,Charge 6
2025-11-04T05:08:00Z,FAT_BURN,1,Charge 6
2025-11-04T05:09:00Z,FAT_BURN,1,Charge 6
2025-11-04T05:10:00Z,FAT_BURN,1,Charge 6
2025-11-04T05:11:00Z,FAT_BURN,1,Charge 6
2025-11-04T05:12:00Z,FAT_BURN,1,Charge 6
2025-11-04T07:11:00Z,FAT_BURN,1,Charge 6
2025-11-04T17:24:00Z,FAT_BURN,1,Charge 6
2025-11-04T17:25:00Z,FAT_BURN,1,Charge 6
2025-11-04T17:26:00Z,FAT_BURN,1,Charge 6
2025-11-04T17:27:00Z,FAT_BURN,1,Charge 6
2025-11-04T17:28:00Z,FAT_BURN,1,Charge 6
2025-11-04T17:29:00Z,FAT_BURN,1,Charge 6
2025-11-04T17:30:00Z,FAT_BURN,1,Charge 6
2025-11-04T18:52:00Z,FAT_BURN,1,Charge 6
2025-11-04T18:53:00Z,FAT_BURN,1,Charge 6
2025-11-04T18:54:00Z,FAT_BURN,1,Charge 6
2025-11-04T18:55:00Z,FAT_BURN,1,Charge 6
2025-11-04T18:56:00Z,FAT_BURN,1,Charge 6
2025-11-04T20:30:00Z,FAT_BURN,1,Charge 6
2025-11-04T20:31:00Z,FAT_BURN,1,Charge 6
2025-11-04T21:52:00Z,FAT_BURN,1,Charge 6
2025-11-04T22:40:00Z,FAT_BURN,1,Charge 6
2025-11-04T22:41:00Z,FAT_BURN,1,Charge 6
2025-11-04T22:45:00Z,FAT_BURN,1,Charge 6
2025-11-05T01:54:00Z,FAT_BURN,1,Charge 6
2025-11-05T01:56:00Z,FAT_BURN,1,Charge 6
2025-11-05T01:57:00Z,FAT_BURN,1,Charge 6
2025-11-05T01:58:00Z,FAT_BURN,1,Charge 6
2025-11-05T01:59:00Z,FAT_BURN,1,Charge 6
2025-11-05T05:53:00Z,FAT_BURN,1,Charge 6
2025-11-05T05:55:00Z,FAT_BURN,1,Charge 6
2025-11-05T05:56:00Z,FAT_BURN,1,Charge 6
2025-11-05T05:57:00Z,FAT_BURN,1,Charge 6
2025-11-05T06:19:00Z,FAT_BURN,1,Charge 6
2025-11-05T06:28:00Z,FAT_BURN,1,Charge 6
2025-11-05T06:31:00Z,FAT_BURN,1,Charge 6
2025-11-05T06:44:00Z,FAT_BURN,1,Charge 6
2025-11-05T06:46:00Z,FAT_BURN,1,Charge 6
2025-11-05T06:56:00Z,FAT_BURN,1,Charge 6
2025-11-05T07:07:00Z,FAT_BURN,1,Charge 6
2025-11-05T20:07:00Z,FAT_BURN,1,Charge 6
2025-11-06T02:31:00Z,FAT_BURN,1,Charge 6
2025-11-06T02:32:00Z,FAT_BURN,1,Charge 6
2025-11-06T02:33:00Z,FAT_BURN,1,Charge 6
2025-11-06T03:57:00Z,FAT_BURN,1,Charge 6
2025-11-06T03:58:00Z,FAT_BURN,1,Charge 6
2025-11-06T03:59:00Z,FAT_BURN,1,Charge 6
2025-11-06T04:00:00Z,FAT_BURN,1,Charge 6
2025-11-06T04:01:00Z,FAT_BURN,1,Charge 6
2025-11-06T04:02:00Z,FAT_BURN,1,Charge 6
2025-11-06T04:55:00Z,FAT_BURN,1,Charge 6
2025-11-06T04:56:00Z,FAT_BURN,1,Charge 6
2025-11-06T04:57:00Z,FAT_BURN,1,Charge 6
2025-11-06T04:58:00Z,FAT_BURN,1,Charge 6
2025-11-06T04:59:00Z,FAT_BURN,1,Charge 6
2025-11-06T05:50:00Z,FAT_BURN,1,Charge 6
2025-11-06T05:51:00Z,FAT_BURN,1,Charge 6
2025-11-06T05:52:00Z,FAT_BURN,1,Charge 6
2025-11-06T05:53:00Z,FAT_BURN,1,Charge 6
2025-11-06T15:57:00Z,FAT_BURN,1,Charge 6
2025-11-06T15:58:00Z,FAT_BURN,1,Charge 6
2025-11-06T15:59:00Z,FAT_BURN,1,Charge 6
2025-11-06T16:00:00Z,FAT_BURN,1,Charge 6
2025-11-06T16:01:00Z,FAT_BURN,1,Charge 6
2025-11-06T17:26:00Z,FAT_BURN,1,Charge 6
2025-11-06T20:25:00Z,FAT_BURN,1,Charge 6
2025-11-06T20:26:00Z,FAT_BURN,1,Charge 6
2025-11-06T20:27:00Z,FAT_BURN,1,Charge 6
2025-11-06T21:52:00Z,FAT_BURN,1,Charge 6
2025-11-06T21:53:00Z,FAT_BURN,1,Charge 6
2025-11-06T21:55:00Z,FAT_BURN,1,Charge 6
2025-11-06T23:02:00Z,FAT_BURN,1,Charge 6
2025-11-06T23:03:00Z,FAT_BURN,1,Charge 6
2025-11-07T03:05:00Z,FAT_BURN,1,Charge 6
2025-11-07T03:06:00Z,FAT_BURN,1,Charge 6
2025-11-07T03:07:00Z,FAT_BURN,1,Charge 6
2025-11-07T03:20:00Z,FAT_BURN,1,Charge 6
2025-11-07T03:21:00Z,FAT_BURN,1,Charge 6
2025-11-07T03:22:00Z,FAT_BURN,1,Charge 6
2025-11-07T03:59:00Z,FAT_BURN,1,Charge 6
2025-11-07T04:00:00Z,FAT_BURN,1,Charge 6
2025-11-07T04:51:00Z,FAT_BURN,1,Charge 6
2025-11-07T04:52:00Z,FAT_BURN,1,Charge 6
2025-11-07T04:53:00Z,FAT_BURN,1,Charge 6
2025-11-07T04:54:00Z,FAT_BURN,1,Charge 6
2025-11-07T04:55:00Z,FAT_BURN,1,Charge 6
2025-11-07T05:02:00Z,FAT_BURN,1,Charge 6
2025-11-07T06:09:00Z,FAT_BURN,1,Charge 6
2025-11-07T06:10:00Z,CARDIO,2,Charge 6
2025-11-07T06:11:00Z,FAT_BURN,1,Charge 6
2025-11-07T06:12:00Z,CARDIO,2,Charge 6
2025-11-07T06:13:00Z,CARDIO,2,Charge 6
2025-11-07T06:14:00Z,CARDIO,2,Charge 6
2025-11-07T06:15:00Z,CARDIO,2,Charge 6
2025-11-07T06:16:00Z,CARDIO,2,Charge 6
2025-11-07T06:17:00Z,CARDIO,2,Charge 6
2025-11-07T06:18:00Z,FAT_BURN,1,Charge 6
2025-11-07T06:19:00Z,FAT_BURN,1,Charge 6
2025-11-07T06:20:00Z,FAT_BURN,1,Charge 6
2025-11-07T06:21:00Z,FAT_BURN,1,Charge 6
2025-11-07T06:22:00Z,FAT_BURN,1,Charge 6
2025-11-07T06:23:00Z,FAT_BURN,1,Charge 6
2025-11-07T06:24:00Z,FAT_BURN,1,Charge 6
2025-11-07T06:25:00Z,FAT_BURN,1,Charge 6
2025-11-07T06:26:00Z,CARDIO,2,Charge 6
2025-11-07T06:27:00Z,FAT_BURN,1,Charge 6
2025-11-07T06:36:00Z,FAT_BURN,1,Charge 6
2025-11-07T06:37:00Z,FAT_BURN,1,Charge 6
2025-11-07T06:38:00Z,FAT_BURN,1,Charge 6
2025-11-07T06:39:00Z,FAT_BURN,1,Charge 6
2025-11-07T06:40:00Z,FAT_BURN,1,Charge 6
2025-11-07T07:50:00Z,FAT_BURN,1,Charge 6
2025-11-07T17:26:00Z,FAT_BURN,1,Charge 6
2025-11-07T17:27:00Z,FAT_BURN,1,Charge 6
2025-11-07T18:12:00Z,FAT_BURN,1,Charge 6
2025-11-07T18:13:00Z,FAT_BURN,1,Charge 6
2025-11-07T18:14:00Z,FAT_BURN,1,Charge 6
2025-11-07T18:15:00Z,FAT_BURN,1,Charge 6
2025-11-08T01:06:00Z,FAT_BURN,1,Charge 6
2025-11-08T02:56:00Z,FAT_BURN,1,Charge 6
2025-11-08T04:08:00Z,FAT_BURN,1,Charge 6
2025-11-08T04:13:00Z,FAT_BURN,1,Charge 6
2025-11-08T04:14:00Z,FAT_BURN,1,Charge 6
2025-11-08T04:15:00Z,FAT_BURN,1,Charge 6
2025-11-08T04:52:00Z,FAT_BURN,1,Charge 6
2025-11-08T04:53:00Z,FAT_BURN,1,Charge 6
2025-11-08T15:58:00Z,FAT_BURN,1,Charge 6
2025-11-08T16:59:00Z,FAT_BURN,1,Charge 6
2025-11-08T17:02:00Z,FAT_BURN,1,Charge 6
2025-11-08T17:03:00Z,CARDIO,2,Charge 6
2025-11-08T17:04:00Z,FAT_BURN,1,Charge 6
2025-11-08T17:05:00Z,FAT_BURN,1,Charge 6
2025-11-08T17:06:00Z,CARDIO,2,Charge 6
2025-11-08T17:07:00Z,FAT_BURN,1,Charge 6
2025-11-08T17:08:00Z,FAT_BURN,1,Charge 6
2025-11-08T17:09:00Z,CARDIO,2,Charge 6
2025-11-08T17:10:00Z,FAT_BURN,1,Charge 6
2025-11-08T17:11:00Z,FAT_BURN,1,Charge 6
2025-11-08T17:12:00Z,FAT_BURN,1,Charge 6
2025-11-08T17:13:00Z,FAT_BURN,1,Charge 6
2025-11-08T17:14:00Z,CARDIO,2,Charge 6
2025-11-08T17:15:00Z,FAT_BURN,1,Charge 6
2025-11-08T17:16:00Z,FAT_BURN,1,Charge 6
2025-11-08T17:17:00Z,FAT_BURN,1,Charge 6
2025-11-08T17:18:00Z,FAT_BURN,1,Charge 6
2025-11-08T17:19:00Z,FAT_BURN,1,Charge 6
2025-11-08T17:20:00Z,FAT_BURN,1,Charge 6
2025-11-08T17:21:00Z,CARDIO,2,Charge 6
2025-11-08T17:22:00Z,FAT_BURN,1,Charge 6
2025-11-08T17:23:00Z,FAT_BURN,1,Charge 6
2025-11-08T17:24:00Z,FAT_BURN,1,Charge 6
2025-11-08T17:25:00Z,CARDIO,2,Charge 6
2025-11-08T17:26:00Z,FAT_BURN,1,Charge 6
2025-11-08T17:27:00Z,FAT_BURN,1,Charge 6
2025-11-08T17:28:00Z,CARDIO,2,Charge 6
2025-11-08T17:29:00Z,FAT_BURN,1,Charge 6
2025-11-08T17:30:00Z,FAT_BURN,1,Charge 6
2025-11-08T17:31:00Z,FAT_BURN,1,Charge 6
2025-11-08T17:32:00Z,FAT_BURN,1,Charge 6
2025-11-08T17:33:00Z,FAT_BURN,1,Charge 6
2025-11-08T17:34:00Z,FAT_BURN,1,Charge 6
2025-11-08T17:35:00Z,FAT_BURN,1,Charge 6
2025-11-08T17:36:00Z,FAT_BURN,1,Charge 6
2025-11-08T17:37:00Z,FAT_BURN,1,Charge 6
2025-11-08T17:38:00Z,FAT_BURN,1,Charge 6
2025-11-08T17:39:00Z,FAT_BURN,1,Charge 6
2025-11-08T17:42:00Z,FAT_BURN,1,Charge 6
2025-11-08T17:43:00Z,FAT_BURN,1,Charge 6
2025-11-08T17:46:00Z,FAT_BURN,1,Charge 6
2025-11-08T17:47:00Z,FAT_BURN,1,Charge 6
2025-11-08T17:48:00Z,FAT_BURN,1,Charge 6
2025-11-08T17:49:00Z,FAT_BURN,1,Charge 6
2025-11-08T17:50:00Z,FAT_BURN,1,Charge 6
2025-11-08T17:51:00Z,FAT_BURN,1,Charge 6
2025-11-08T17:52:00Z,CARDIO,2,Charge 6
2025-11-08T17:53:00Z,FAT_BURN,1,Charge 6
2025-11-08T17:54:00Z,FAT_BURN,1,Charge 6
2025-11-08T17:55:00Z,FAT_BURN,1,Charge 6
2025-11-08T17:56:00Z,FAT_BURN,1,Charge 6
2025-11-08T17:57:00Z,FAT_BURN,1,Charge 6
2025-11-08T17:58:00Z,FAT_BURN,1,Charge 6
2025-11-08T17:59:00Z,FAT_BURN,1,Charge 6
2025-11-08T18:00:00Z,FAT_BURN,1,Charge 6
2025-11-08T18:01:00Z,FAT_BURN,1,Charge 6
2025-11-08T18:02:00Z,FAT_BURN,1,Charge 6
2025-11-08T18:03:00Z,FAT_BURN,1,Charge 6
2025-11-08T18:04:00Z,FAT_BURN,1,Charge 6
2025-11-08T18:05:00Z,FAT_BURN,1,Charge 6
2025-11-08T18:06:00Z,FAT_BURN,1,Charge 6
2025-11-08T18:07:00Z,CARDIO,2,Charge 6
2025-11-08T18:08:00Z,CARDIO,2,Charge 6
2025-11-08T18:09:00Z,CARDIO,2,Charge 6
2025-11-08T18:10:00Z,CARDIO,2,Charge 6
2025-11-08T18:11:00Z,CARDIO,2,Charge 6
2025-11-08T18:12:00Z,CARDIO,2,Charge 6
2025-11-08T18:13:00Z,FAT_BURN,1,Charge 6
2025-11-08T18:14:00Z,FAT_BURN,1,Charge 6
2025-11-08T18:15:00Z,FAT_BURN,1,Charge 6
2025-11-08T18:16:00Z,FAT_BURN,1,Charge 6
2025-11-08T18:17:00Z,FAT_BURN,1,Charge 6
2025-11-08T18:18:00Z,FAT_BURN,1,Charge 6
2025-11-08T18:19:00Z,FAT_BURN,1,Charge 6
2025-11-08T18:20:00Z,FAT_BURN,1,Charge 6
2025-11-08T18:21:00Z,FAT_BURN,1,Charge 6
2025-11-08T18:22:00Z,FAT_BURN,1,Charge 6
2025-11-08T18:26:00Z,FAT_BURN,1,Charge 6
2025-11-08T18:31:00Z,FAT_BURN,1,Charge 6
2025-11-08T22:38:00Z,FAT_BURN,1,Charge 6
2025-11-08T22:40:00Z,FAT_BURN,1,Charge 6
2025-11-08T22:41:00Z,FAT_BURN,1,Charge 6
2025-11-08T22:42:00Z,FAT_BURN,1,Charge 6
2025-11-08T22:43:00Z,FAT_BURN,1,Charge 6
2025-11-08T23:12:00Z,FAT_BURN,1,Charge 6
2025-11-08T23:19:00Z,FAT_BURN,1,Charge 6
2025-11-08T23:20:00Z,FAT_BURN,1,Charge 6
2025-11-08T23:23:00Z,FAT_BURN,1,Charge 6
2025-11-08T23:26:00Z,FAT_BURN,1,Charge 6
2025-11-08T23:27:00Z,FAT_BURN,1,Charge 6
2025-11-08T23:29:00Z,FAT_BURN,1,Charge 6
2025-11-08T23:51:00Z,FAT_BURN,1,Charge 6
2025-11-08T23:52:00Z,FAT_BURN,1,Charge 6
2025-11-09T00:05:00Z,FAT_BURN,1,Charge 6
2025-11-09T00:13:00Z,FAT_BURN,1,Charge 6
2025-11-09T00:17:00Z,FAT_BURN,1,Charge 6
2025-11-09T00:44:00Z,FAT_BURN,1,Charge 6
2025-11-09T00:46:00Z,FAT_BURN,1,Charge 6
2025-11-09T01:09:00Z,FAT_BURN,1,Charge 6
2025-11-09T01:10:00Z,FAT_BURN,1,Charge 6
2025-11-09T03:06:00Z,FAT_BURN,1,Charge 6
2025-11-09T03:07:00Z,FAT_BURN,1,Charge 6
2025-11-09T05:24:00Z,FAT_BURN,1,Charge 6
2025-11-09T05:25:00Z,FAT_BURN,1,Charge 6
2025-11-09T07:17:00Z,FAT_BURN,1,Charge 6
2025-11-09T15:46:00Z,FAT_BURN,1,Charge 6
2025-11-09T15:47:00Z,FAT_BURN,1,Charge 6
2025-11-09T15:48:00Z,FAT_BURN,1,Charge 6
2025-11-09T15:49:00Z,FAT_BURN,1,Charge 6
2025-11-09T15:50:00Z,FAT_BURN,1,Charge 6
2025-11-09T15:51:00Z,FAT_BURN,1,Charge 6
2025-11-09T16:15:00Z,CARDIO,2,Charge 6
2025-11-09T16:16:00Z,CARDIO,2,Charge 6
2025-11-09T16:17:00Z,CARDIO,2,Charge 6
2025-11-09T16:18:00Z,FAT_BURN,1,Charge 6
2025-11-09T16:19:00Z,FAT_BURN,1,Charge 6
2025-11-09T16:20:00Z,CARDIO,2,Charge 6
2025-11-09T16:21:00Z,FAT_BURN,1,Charge 6
2025-11-09T16:22:00Z,FAT_BURN,1,Charge 6
2025-11-09T16:23:00Z,FAT_BURN,1,Charge 6
2025-11-09T16:24:00Z,FAT_BURN,1,Charge 6
2025-11-09T16:25:00Z,CARDIO,2,Charge 6
2025-11-09T16:26:00Z,CARDIO,2,Charge 6
2025-11-09T16:27:00Z,FAT_BURN,1,Charge 6
2025-11-09T16:28:00Z,FAT_BURN,1,Charge 6
2025-11-09T16:29:00Z,FAT_BURN,1,Charge 6
2025-11-09T16:30:00Z,CARDIO,2,Charge 6
2025-11-09T16:31:00Z,CARDIO,2,Charge 6
2025-11-09T16:32:00Z,FAT_BURN,1,Charge 6
2025-11-09T16:33:00Z,FAT_BURN,1,Charge 6
2025-11-09T16:34:00Z,FAT_BURN,1,Charge 6
2025-11-09T16:35:00Z,FAT_BURN,1,Charge 6
2025-11-09T16:36:00Z,CARDIO,2,Charge 6
2025-11-09T16:37:00Z,FAT_BURN,1,Charge 6
2025-11-09T16:38:00Z,FAT_BURN,1,Charge 6
2025-11-09T16:39:00Z,CARDIO,2,Charge 6
2025-11-09T16:40:00Z,FAT_BURN,1,Charge 6
2025-11-09T16:41:00Z,CARDIO,2,Charge 6
2025-11-09T16:42:00Z,FAT_BURN,1,Charge 6
2025-11-09T16:43:00Z,CARDIO,2,Charge 6
2025-11-09T16:44:00Z,CARDIO,2,Charge 6
2025-11-09T16:45:00Z,CARDIO,2,Charge 6
2025-11-09T16:46:00Z,FAT_BURN,1,Charge 6
2025-11-09T16:47:00Z,FAT_BURN,1,Charge 6
2025-11-09T16:48:00Z,FAT_BURN,1,Charge 6
2025-11-09T16:49:00Z,FAT_BURN,1,Charge 6
2025-11-09T16:50:00Z,FAT_BURN,1,Charge 6
2025-11-09T16:51:00Z,FAT_BURN,1,Charge 6
2025-11-09T16:52:00Z,FAT_BURN,1,Charge 6
2025-11-09T16:53:00Z,FAT_BURN,1,Charge 6
2025-11-09T16:54:00Z,FAT_BURN,1,Charge 6
2025-11-09T16:55:00Z,FAT_BURN,1,Charge 6
2025-11-09T16:56:00Z,FAT_BURN,1,Charge 6
2025-11-09T16:57:00Z,FAT_BURN,1,Charge 6
2025-11-09T16:58:00Z,CARDIO,2,Charge 6
2025-11-09T16:59:00Z,FAT_BURN,1,Charge 6
2025-11-09T17:00:00Z,FAT_BURN,1,Charge 6
2025-11-09T17:08:00Z,FAT_BURN,1,Charge 6
2025-11-09T17:10:00Z,FAT_BURN,1,Charge 6
2025-11-09T17:11:00Z,FAT_BURN,1,Charge 6
2025-11-09T17:12:00Z,CARDIO,2,Charge 6
2025-11-09T17:13:00Z,CARDIO,2,Charge 6
2025-11-09T17:14:00Z,FAT_BURN,1,Charge 6
2025-11-09T17:15:00Z,FAT_BURN,1,Charge 6
2025-11-09T17:16:00Z,FAT_BURN,1,Charge 6
2025-11-09T17:17:00Z,FAT_BURN,1,Charge 6
2025-11-09T17:18:00Z,FAT_BURN,1,Charge 6
2025-11-09T17:19:00Z,FAT_BURN,1,Charge 6
2025-11-09T17:20:00Z,FAT_BURN,1,Charge 6
2025-11-09T17:21:00Z,FAT_BURN,1,Charge 6
2025-11-09T17:22:00Z,FAT_BURN,1,Charge 6
2025-11-09T17:23:00Z,FAT_BURN,1,Charge 6
2025-11-09T17:24:00Z,FAT_BURN,1,Charge 6
2025-11-09T17:25:00Z,FAT_BURN,1,Charge 6
2025-11-09T17:26:00Z,FAT_BURN,1,Charge 6
2025-11-09T17:27:00Z,FAT_BURN,1,Charge 6
2025-11-09T17:28:00Z,FAT_BURN,1,Charge 6
2025-11-09T17:29:00Z,FAT_BURN,1,Charge 6
2025-11-09T17:30:00Z,FAT_BURN,1,Charge 6
2025-11-09T17:31:00Z,CARDIO,2,Charge 6
2025-11-09T17:32:00Z,FAT_BURN,1,Charge 6
2025-11-09T17:33:00Z,FAT_BURN,1,Charge 6
2025-11-09T17:34:00Z,FAT_BURN,1,Charge 6
2025-11-09T17:35:00Z,FAT_BURN,1,Charge 6
2025-11-09T17:37:00Z,FAT_BURN,1,Charge 6
2025-11-09T17:38:00Z,FAT_BURN,1,Charge 6
2025-11-09T17:39:00Z,FAT_BURN,1,Charge 6
2025-11-09T17:40:00Z,FAT_BURN,1,Charge 6
2025-11-09T17:41:00Z,FAT_BURN,1,Charge 6
2025-11-09T17:42:00Z,FAT_BURN,1,Charge 6
2025-11-09T17:43:00Z,FAT_BURN,1,Charge 6
2025-11-09T17:44:00Z,FAT_BURN,1,Charge 6
2025-11-09T17:45:00Z,FAT_BURN,1,Charge 6
2025-11-09T17:46:00Z,FAT_BURN,1,Charge 6
2025-11-09T17:47:00Z,FAT_BURN,1,Charge 6
2025-11-09T17:48:00Z,FAT_BURN,1,Charge 6
2025-11-09T17:49:00Z,FAT_BURN,1,Charge 6
2025-11-09T17:50:00Z,FAT_BURN,1,Charge 6
2025-11-09T17:51:00Z,FAT_BURN,1,Charge 6
2025-11-09T17:52:00Z,FAT_BURN,1,Charge 6
2025-11-09T18:06:00Z,FAT_BURN,1,Charge 6
2025-11-09T18:07:00Z,FAT_BURN,1,Charge 6
2025-11-09T18:08:00Z,FAT_BURN,1,Charge 6
2025-11-09T21:08:00Z,FAT_BURN,1,Charge 6
2025-11-09T21:09:00Z,FAT_BURN,1,Charge 6
2025-11-09T21:10:00Z,FAT_BURN,1,Charge 6
2025-11-09T21:11:00Z,FAT_BURN,1,Charge 6
2025-11-09T21:13:00Z,FAT_BURN,1,Charge 6
2025-11-09T21:41:00Z,FAT_BURN,1,Charge 6
2025-11-09T21:43:00Z,FAT_BURN,1,Charge 6
2025-11-09T21:45:00Z,FAT_BURN,1,Charge 6
2025-11-09T21:46:00Z,FAT_BURN,1,Charge 6
2025-11-09T21:47:00Z,FAT_BURN,1,Charge 6
2025-11-09T21:50:00Z,FAT_BURN,1,Charge 6
2025-11-09T21:55:00Z,FAT_BURN,1,Charge 6
2025-11-09T21:56:00Z,FAT_BURN,1,Charge 6
2025-11-09T21:57:00Z,FAT_BURN,1,Charge 6
2025-11-09T22:00:00Z,FAT_BURN,1,Charge 6
2025-11-09T22:01:00Z,FAT_BURN,1,Charge 6
2025-11-09T22:03:00Z,FAT_BURN,1,Charge 6
2025-11-09T22:04:00Z,FAT_BURN,1,Charge 6
2025-11-09T22:15:00Z,FAT_BURN,1,Charge 6
2025-11-09T22:16:00Z,FAT_BURN,1,Charge 6
2025-11-09T22:18:00Z,FAT_BURN,1,Charge 6
2025-11-09T22:19:00Z,FAT_BURN,1,Charge 6
2025-11-09T22:20:00Z,FAT_BURN,1,Charge 6
2025-11-09T22:36:00Z,FAT_BURN,1,Charge 6
2025-11-09T22:37:00Z,FAT_BURN,1,Charge 6
2025-11-09T22:39:00Z,FAT_BURN,1,Charge 6
2025-11-09T22:42:00Z,FAT_BURN,1,Charge 6
2025-11-09T22:43:00Z,FAT_BURN,1,Charge 6
2025-11-09T22:44:00Z,FAT_BURN,1,Charge 6
2025-11-09T22:45:00Z,FAT_BURN,1,Charge 6
2025-11-09T22:46:00Z,FAT_BURN,1,Charge 6
2025-11-09T22:47:00Z,FAT_BURN,1,Charge 6
2025-11-09T22:48:00Z,FAT_BURN,1,Charge 6
2025-11-09T22:49:00Z,FAT_BURN,1,Charge 6
2025-11-09T22:50:00Z,FAT_BURN,1,Charge 6
2025-11-09T22:51:00Z,FAT_BURN,1,Charge 6
2025-11-09T22:52:00Z,FAT_BURN,1,Charge 6
2025-11-09T22:54:00Z,FAT_BURN,1,Charge 6
2025-11-09T22:56:00Z,FAT_BURN,1,Charge 6
2025-11-09T22:57:00Z,FAT_BURN,1,Charge 6
2025-11-09T22:58:00Z,FAT_BURN,1,Charge 6
2025-11-09T22:59:00Z,FAT_BURN,1,Charge 6
2025-11-09T23:01:00Z,FAT_BURN,1,Charge 6
2025-11-09T23:02:00Z,FAT_BURN,1,Charge 6
2025-11-09T23:03:00Z,FAT_BURN,1,Charge 6
2025-11-09T23:04:00Z,FAT_BURN,1,Charge 6
2025-11-09T23:06:00Z,FAT_BURN,1,Charge 6
2025-11-09T23:08:00Z,FAT_BURN,1,Charge 6
2025-11-09T23:09:00Z,FAT_BURN,1,Charge 6
2025-11-09T23:10:00Z,FAT_BURN,1,Charge 6
2025-11-09T23:13:00Z,FAT_BURN,1,Charge 6
2025-11-09T23:14:00Z,FAT_BURN,1,Charge 6
2025-11-09T23:37:00Z,FAT_BURN,1,Charge 6
2025-11-09T23:40:00Z,FAT_BURN,1,Charge 6
2025-11-09T23:42:00Z,FAT_BURN,1,Charge 6
2025-11-09T23:43:00Z,FAT_BURN,1,Charge 6
2025-11-09T23:56:00Z,FAT_BURN,1,Charge 6
2025-11-09T23:58:00Z,FAT_BURN,1,Charge 6
2025-11-10T00:00:00Z,FAT_BURN,1,Charge 6
2025-11-10T00:07:00Z,FAT_BURN,1,Charge 6
2025-11-10T00:47:00Z,FAT_BURN,1,Charge 6
2025-11-10T00:49:00Z,FAT_BURN,1,Charge 6
2025-11-10T03:23:00Z,FAT_BURN,1,Charge 6
2025-11-10T03:24:00Z,FAT_BURN,1,Charge 6
2025-11-10T03:25:00Z,FAT_BURN,1,Charge 6
2025-11-10T03:26:00Z,FAT_BURN,1,Charge 6
2025-11-10T03:27:00Z,FAT_BURN,1,Charge 6
2025-11-10T03:28:00Z,FAT_BURN,1,Charge 6
2025-11-10T03:34:00Z,FAT_BURN,1,Charge 6
2025-11-10T03:43:00Z,FAT_BURN,1,Charge 6
2025-11-10T06:43:00Z,FAT_BURN,1,Charge 6
2025-11-10T18:51:00Z,FAT_BURN,1,Charge 6
2025-11-10T18:53:00Z,FAT_BURN,1,Charge 6
2025-11-10T18:54:00Z,FAT_BURN,1,Charge 6
2025-11-10T18:55:00Z,FAT_BURN,1,Charge 6
2025-11-10T20:11:00Z,FAT_BURN,1,Charge 6
2025-11-10T20:12:00Z,FAT_BURN,1,Charge 6
2025-11-10T20:13:00Z,FAT_BURN,1,Charge 6
2025-11-10T22:12:00Z,FAT_BURN,1,Charge 6
2025-11-10T22:13:00Z,FAT_BURN,1,Charge 6
2025-11-10T22:14:00Z,FAT_BURN,1,Charge 6
2025-11-10T22:15:00Z,FAT_BURN,1,Charge 6
2025-11-10T22:17:00Z,FAT_BURN,1,Charge 6
2025-11-11T00:15:00Z,FAT_BURN,1,Charge 6
2025-11-11T00:16:00Z,FAT_BURN,1,Charge 6
2025-11-11T00:17:00Z,FAT_BURN,1,Charge 6
2025-11-11T00:18:00Z,FAT_BURN,1,Charge 6
2025-11-11T00:19:00Z,FAT_BURN,1,Charge 6
2025-11-11T00:20:00Z,FAT_BURN,1,Charge 6
2025-11-12T20:13:00Z,FAT_BURN,1,Charge 6
2025-11-12T20:14:00Z,FAT_BURN,1,Charge 6
2025-11-12T20:15:00Z,FAT_BURN,1,Charge 6
2025-11-12T20:16:00Z,FAT_BURN,1,Charge 6
2025-11-12T20:24:00Z,FAT_BURN,1,Charge 6
2025-11-12T20:27:00Z,FAT_BURN,1,Charge 6
2025-11-12T20:32:00Z,FAT_BURN,1,Charge 6
2025-11-12T20:33:00Z,FAT_BURN,1,Charge 6
2025-11-12T20:37:00Z,FAT_BURN,1,Charge 6
2025-11-12T20:39:00Z,FAT_BURN,1,Charge 6
2025-11-12T20:40:00Z,FAT_BURN,1,Charge 6
2025-11-12T20:41:00Z,FAT_BURN,1,Charge 6
2025-11-12T20:42:00Z,FAT_BURN,1,Charge 6
2025-11-12T20:43:00Z,FAT_BURN,1,Charge 6
2025-11-12T20:44:00Z,FAT_BURN,1,Charge 6
2025-11-12T20:45:00Z,FAT_BURN,1,Charge 6
2025-11-12T20:46:00Z,FAT_BURN,1,Charge 6
2025-11-12T20:47:00Z,FAT_BURN,1,Charge 6
2025-11-12T20:48:00Z,FAT_BURN,1,Charge 6
2025-11-12T20:49:00Z,FAT_BURN,1,Charge 6
2025-11-12T20:52:00Z,FAT_BURN,1,Charge 6
2025-11-12T20:57:00Z,FAT_BURN,1,Charge 6
2025-11-12T21:00:00Z,FAT_BURN,1,Charge 6
2025-11-12T21:02:00Z,FAT_BURN,1,Charge 6
2025-11-12T21:13:00Z,FAT_BURN,1,Charge 6
2025-11-12T21:14:00Z,FAT_BURN,1,Charge 6
2025-11-12T21:15:00Z,FAT_BURN,1,Charge 6
2025-11-12T21:16:00Z,FAT_BURN,1,Charge 6
2025-11-12T22:08:00Z,FAT_BURN,1,Charge 6
2025-11-12T22:09:00Z,FAT_BURN,1,Charge 6
2025-11-13T02:24:00Z,FAT_BURN,1,Charge 6
2025-11-13T02:25:00Z,FAT_BURN,1,Charge 6
2025-11-13T02:26:00Z,FAT_BURN,1,Charge 6
2025-11-13T02:27:00Z,FAT_BURN,1,Charge 6
2025-11-13T02:28:00Z,FAT_BURN,1,Charge 6
2025-11-13T02:29:00Z,FAT_BURN,1,Charge 6
2025-11-13T05:25:00Z,FAT_BURN,1,Charge 6
2025-11-13T05:27:00Z,FAT_BURN,1,Charge 6
2025-11-13T16:01:00Z,FAT_BURN,1,Charge 6
2025-11-13T16:02:00Z,FAT_BURN,1,Charge 6
2025-11-13T16:03:00Z,FAT_BURN,1,Charge 6
2025-11-13T16:04:00Z,FAT_BURN,1,Charge 6
2025-11-13T16:05:00Z,FAT_BURN,1,Charge 6
2025-11-13T16:06:00Z,FAT_BURN,1,Charge 6
2025-11-13T21:57:00Z,FAT_BURN,1,Charge 6
2025-11-14T05:08:00Z,FAT_BURN,1,Charge 6
2025-11-14T05:10:00Z,FAT_BURN,1,Charge 6
2025-11-14T05:11:00Z,FAT_BURN,1,Charge 6
2025-11-14T06:51:00Z,FAT_BURN,1,Charge 6
2025-11-14T06:52:00Z,FAT_BURN,1,Charge 6
2025-11-14T17:09:00Z,FAT_BURN,1,Charge 6
2025-11-14T17:10:00Z,FAT_BURN,1,Charge 6
2025-11-14T17:11:00Z,FAT_BURN,1,Charge 6
2025-11-14T17:12:00Z,FAT_BURN,1,Charge 6
2025-11-14T18:55:00Z,FAT_BURN,1,Charge 6
2025-11-14T18:58:00Z,FAT_BURN,1,Charge 6
2025-11-14T19:03:00Z,FAT_BURN,1,Charge 6
2025-11-14T19:05:00Z,FAT_BURN,1,Charge 6
2025-11-14T19:14:00Z,FAT_BURN,1,Charge 6
2025-11-14T19:15:00Z,FAT_BURN,1,Charge 6
2025-11-14T19:33:00Z,FAT_BURN,1,Charge 6
2025-11-16T16:44:00Z,FAT_BURN,1,Charge 6
2025-11-16T17:09:00Z,FAT_BURN,1,Charge 6
2025-11-16T17:10:00Z,FAT_BURN,1,Charge 6
2025-11-16T17:11:00Z,FAT_BURN,1,Charge 6
2025-11-16T17:12:00Z,FAT_BURN,1,Charge 6
2025-11-16T17:13:00Z,FAT_BURN,1,Charge 6
2025-11-16T17:14:00Z,FAT_BURN,1,Charge 6
2025-11-16T17:15:00Z,FAT_BURN,1,Charge 6
2025-11-16T17:16:00Z,FAT_BURN,1,Charge 6
2025-11-16T17:17:00Z,FAT_BURN,1,Charge 6
2025-11-16T17:18:00Z,FAT_BURN,1,Charge 6
2025-11-16T17:19:00Z,FAT_BURN,1,Charge 6
2025-11-16T17:20:00Z,FAT_BURN,1,Charge 6
2025-11-16T17:21:00Z,FAT_BURN,1,Charge 6
2025-11-16T17:22:00Z,FAT_BURN,1,Charge 6
2025-11-16T17:23:00Z,FAT_BURN,1,Charge 6
2025-11-16T17:24:00Z,FAT_BURN,1,Charge 6
2025-11-16T17:25:00Z,FAT_BURN,1,Charge 6
2025-11-16T17:27:00Z,FAT_BURN,1,Charge 6
2025-11-16T17:29:00Z,FAT_BURN,1,Charge 6
2025-11-16T17:30:00Z,CARDIO,2,Charge 6
2025-11-16T17:31:00Z,FAT_BURN,1,Charge 6
2025-11-16T17:32:00Z,FAT_BURN,1,Charge 6
2025-11-16T17:33:00Z,FAT_BURN,1,Charge 6
2025-11-16T17:34:00Z,FAT_BURN,1,Charge 6
2025-11-16T17:35:00Z,FAT_BURN,1,Charge 6
2025-11-16T17:36:00Z,FAT_BURN,1,Charge 6
2025-11-16T17:37:00Z,FAT_BURN,1,Charge 6
2025-11-16T17:38:00Z,FAT_BURN,1,Charge 6
2025-11-16T17:39:00Z,FAT_BURN,1,Charge 6
2025-11-16T17:40:00Z,FAT_BURN,1,Charge 6
2025-11-16T17:41:00Z,FAT_BURN,1,Charge 6
2025-11-16T17:42:00Z,FAT_BURN,1,Charge 6
2025-11-16T17:43:00Z,FAT_BURN,1,Charge 6
2025-11-16T17:45:00Z,FAT_BURN,1,Charge 6
2025-11-16T17:46:00Z,FAT_BURN,1,Charge 6
2025-11-16T17:47:00Z,FAT_BURN,1,Charge 6
2025-11-16T17:58:00Z,FAT_BURN,1,Charge 6
2025-11-16T17:59:00Z,FAT_BURN,1,Charge 6
2025-11-16T18:00:00Z,FAT_BURN,1,Charge 6
2025-11-16T18:01:00Z,FAT_BURN,1,Charge 6
2025-11-16T18:02:00Z,FAT_BURN,1,Charge 6
2025-11-16T18:03:00Z,FAT_BURN,1,Charge 6
2025-11-16T18:04:00Z,FAT_BURN,1,Charge 6
2025-11-16T18:05:00Z,FAT_BURN,1,Charge 6
2025-11-16T18:06:00Z,FAT_BURN,1,Charge 6
2025-11-16T18:07:00Z,FAT_BURN,1,Charge 6
2025-11-16T18:08:00Z,FAT_BURN,1,Charge 6
2025-11-16T18:09:00Z,FAT_BURN,1,Charge 6
2025-11-16T18:10:00Z,FAT_BURN,1,Charge 6
2025-11-16T18:11:00Z,FAT_BURN,1,Charge 6
2025-11-16T18:12:00Z,FAT_BURN,1,Charge 6
2025-11-16T18:13:00Z,FAT_BURN,1,Charge 6
2025-11-16T18:14:00Z,FAT_BURN,1,Charge 6
2025-11-16T18:15:00Z,FAT_BURN,1,Charge 6
2025-11-16T18:16:00Z,FAT_BURN,1,Charge 6
2025-11-16T18:17:00Z,FAT_BURN,1,Charge 6
2025-11-16T18:18:00Z,FAT_BURN,1,Charge 6
2025-11-16T18:19:00Z,FAT_BURN,1,Charge 6
2025-11-16T18:20:00Z,FAT_BURN,1,Charge 6
2025-11-16T18:21:00Z,FAT_BURN,1,Charge 6
2025-11-16T18:22:00Z,FAT_BURN,1,Charge 6
2025-11-16T18:23:00Z,FAT_BURN,1,Charge 6
2025-11-16T18:24:00Z,FAT_BURN,1,Charge 6
2025-11-16T18:25:00Z,FAT_BURN,1,Charge 6
2025-11-16T18:26:00Z,FAT_BURN,1,Charge 6
2025-11-16T18:27:00Z,FAT_BURN,1,Charge 6
2025-11-16T18:28:00Z,FAT_BURN,1,Charge 6
2025-11-16T18:29:00Z,FAT_BURN,1,Charge 6
2025-11-16T18:30:00Z,FAT_BURN,1,Charge 6
2025-11-16T18:31:00Z,FAT_BURN,1,Charge 6
2025-11-16T18:32:00Z,FAT_BURN,1,Charge 6
2025-11-16T18:33:00Z,FAT_BURN,1,Charge 6
2025-11-16T18:34:00Z,FAT_BURN,1,Charge 6
2025-11-16T18:35:00Z,FAT_BURN,1,Charge 6
2025-11-16T18:36:00Z,FAT_BURN,1,Charge 6
2025-11-16T18:37:00Z,FAT_BURN,1,Charge 6
2025-11-16T18:38:00Z,FAT_BURN,1,Charge 6
2025-11-16T18:44:00Z,FAT_BURN,1,Charge 6
2025-11-16T18:50:00Z,FAT_BURN,1,Charge 6
2025-11-16T18:51:00Z,FAT_BURN,1,Charge 6
2025-11-16T18:54:00Z,FAT_BURN,1,Charge 6
2025-11-16T18:55:00Z,FAT_BURN,1,Charge 6
2025-11-16T18:56:00Z,FAT_BURN,1,Charge 6
2025-11-16T18:57:00Z,FAT_BURN,1,Charge 6
2025-11-16T19:03:00Z,FAT_BURN,1,Charge 6
2025-11-16T19:04:00Z,FAT_BURN,1,Charge 6
2025-11-16T19:05:00Z,FAT_BURN,1,Charge 6
2025-11-16T19:06:00Z,FAT_BURN,1,Charge 6
2025-11-16T19:07:00Z,FAT_BURN,1,Charge 6
2025-11-16T19:08:00Z,FAT_BURN,1,Charge 6
2025-11-16T19:10:00Z,FAT_BURN,1,Charge 6
2025-11-16T19:12:00Z,FAT_BURN,1,Charge 6
2025-11-16T19:13:00Z,FAT_BURN,1,Charge 6
2025-11-16T19:14:00Z,FAT_BURN,1,Charge 6
2025-11-16T19:15:00Z,FAT_BURN,1,Charge 6
2025-11-16T19:16:00Z,FAT_BURN,1,Charge 6
2025-11-16T19:17:00Z,FAT_BURN,1,Charge 6
2025-11-16T19:18:00Z,FAT_BURN,1,Charge 6
2025-11-16T19:19:00Z,FAT_BURN,1,Charge 6
2025-11-16T19:21:00Z,FAT_BURN,1,Charge 6
2025-11-16T19:22:00Z,FAT_BURN,1,Charge 6
2025-11-16T19:25:00Z,FAT_BURN,1,Charge 6
2025-11-16T19:26:00Z,FAT_BURN,1,Charge 6
2025-11-16T19:30:00Z,FAT_BURN,1,Charge 6
2025-11-16T19:31:00Z,FAT_BURN,1,Charge 6
2025-11-16T19:35:00Z,FAT_BURN,1,Charge 6
2025-11-16T19:57:00Z,FAT_BURN,1,Charge 6
2025-11-16T19:58:00Z,FAT_BURN,1,Charge 6
2025-11-16T19:59:00Z,FAT_BURN,1,Charge 6
2025-11-16T20:00:00Z,FAT_BURN,1,Charge 6
2025-11-16T20:01:00Z,FAT_BURN,1,Charge 6
2025-11-16T20:02:00Z,FAT_BURN,1,Charge 6
2025-11-16T20:05:00Z,FAT_BURN,1,Charge 6
2025-11-16T20:07:00Z,FAT_BURN,1,Charge 6
2025-11-16T20:08:00Z,FAT_BURN,1,Charge 6
2025-11-16T20:12:00Z,FAT_BURN,1,Charge 6
2025-11-16T20:14:00Z,FAT_BURN,1,Charge 6
2025-11-16T20:16:00Z,FAT_BURN,1,Charge 6
2025-11-16T20:17:00Z,FAT_BURN,1,Charge 6
2025-11-16T20:18:00Z,FAT_BURN,1,Charge 6
2025-11-16T20:19:00Z,FAT_BURN,1,Charge 6
2025-11-16T20:20:00Z,FAT_BURN,1,Charge 6
2025-11-16T20:21:00Z,FAT_BURN,1,Charge 6
2025-11-16T20:22:00Z,FAT_BURN,1,Charge 6
2025-11-16T20:24:00Z,FAT_BURN,1,Charge 6
2025-11-16T20:28:00Z,FAT_BURN,1,Charge 6
2025-11-16T20:29:00Z,FAT_BURN,1,Charge 6
2025-11-16T20:30:00Z,FAT_BURN,1,Charge 6
2025-11-16T20:42:00Z,FAT_BURN,1,Charge 6
2025-11-16T21:00:00Z,FAT_BURN,1,Charge 6
2025-11-16T21:04:00Z,FAT_BURN,1,Charge 6
2025-11-16T21:06:00Z,FAT_BURN,1,Charge 6
2025-11-16T21:08:00Z,FAT_BURN,1,Charge 6
2025-11-16T21:10:00Z,FAT_BURN,1,Charge 6
2025-11-16T21:11:00Z,FAT_BURN,1,Charge 6
2025-11-16T21:15:00Z,FAT_BURN,1,Charge 6
2025-11-16T21:16:00Z,FAT_BURN,1,Charge 6
2025-11-16T21:17:00Z,FAT_BURN,1,Charge 6
2025-11-16T21:18:00Z,FAT_BURN,1,Charge 6
2025-11-16T21:20:00Z,FAT_BURN,1,Charge 6
2025-11-16T21:21:00Z,FAT_BURN,1,Charge 6
2025-11-16T21:22:00Z,FAT_BURN,1,Charge 6
2025-11-16T21:23:00Z,FAT_BURN,1,Charge 6
2025-11-16T21:24:00Z,FAT_BURN,1,Charge 6
2025-11-16T21:25:00Z,FAT_BURN,1,Charge 6
2025-11-16T21:26:00Z,FAT_BURN,1,Charge 6
2025-11-16T21:27:00Z,FAT_BURN,1,Charge 6
2025-11-16T21:28:00Z,FAT_BURN,1,Charge 6
2025-11-16T21:29:00Z,FAT_BURN,1,Charge 6
2025-11-16T21:30:00Z,FAT_BURN,1,Charge 6
2025-11-16T21:35:00Z,FAT_BURN,1,Charge 6
2025-11-16T21:36:00Z,FAT_BURN,1,Charge 6
2025-11-16T21:37:00Z,FAT_BURN,1,Charge 6
2025-11-16T21:38:00Z,FAT_BURN,1,Charge 6
2025-11-16T21:39:00Z,FAT_BURN,1,Charge 6
2025-11-16T21:40:00Z,FAT_BURN,1,Charge 6
2025-11-16T21:42:00Z,FAT_BURN,1,Charge 6
2025-11-16T21:43:00Z,FAT_BURN,1,Charge 6
2025-11-16T21:44:00Z,FAT_BURN,1,Charge 6
2025-11-16T21:45:00Z,FAT_BURN,1,Charge 6
2025-11-16T21:46:00Z,FAT_BURN,1,Charge 6
2025-11-16T21:47:00Z,FAT_BURN,1,Charge 6
2025-11-16T21:48:00Z,FAT_BURN,1,Charge 6
2025-11-16T22:02:00Z,FAT_BURN,1,Charge 6
2025-11-16T22:08:00Z,FAT_BURN,1,Charge 6
2025-11-16T22:11:00Z,FAT_BURN,1,Charge 6
2025-11-16T22:12:00Z,FAT_BURN,1,Charge 6
2025-11-16T22:16:00Z,FAT_BURN,1,Charge 6
2025-11-16T22:18:00Z,FAT_BURN,1,Charge 6
2025-11-16T22:20:00Z,FAT_BURN,1,Charge 6
2025-11-16T22:21:00Z,FAT_BURN,1,Charge 6
2025-11-16T22:23:00Z,FAT_BURN,1,Charge 6
2025-11-16T22:31:00Z,FAT_BURN,1,Charge 6
2025-11-16T22:32:00Z,FAT_BURN,1,Charge 6
2025-11-16T22:33:00Z,FAT_BURN,1,Charge 6
2025-11-16T22:34:00Z,FAT_BURN,1,Charge 6
2025-11-16T22:35:00Z,FAT_BURN,1,Charge 6
2025-11-16T22:40:00Z,FAT_BURN,1,Charge 6
2025-11-16T22:41:00Z,FAT_BURN,1,Charge 6
2025-11-16T22:42:00Z,FAT_BURN,1,Charge 6
2025-11-16T22:45:00Z,FAT_BURN,1,Charge 6
2025-11-16T22:46:00Z,FAT_BURN,1,Charge 6
2025-11-16T22:47:00Z,FAT_BURN,1,Charge 6
2025-11-16T22:48:00Z,FAT_BURN,1,Charge 6
2025-11-16T22:49:00Z,FAT_BURN,1,Charge 6
2025-11-16T22:50:00Z,FAT_BURN,1,Charge 6
2025-11-16T22:51:00Z,FAT_BURN,1,Charge 6
2025-11-16T22:52:00Z,FAT_BURN,1,Charge 6
2025-11-16T23:05:00Z,FAT_BURN,1,Charge 6
2025-11-16T23:09:00Z,FAT_BURN,1,Charge 6
2025-11-16T23:10:00Z,FAT_BURN,1,Charge 6
2025-11-16T23:13:00Z,FAT_BURN,1,Charge 6
2025-11-16T23:14:00Z,FAT_BURN,1,Charge 6
2025-11-16T23:15:00Z,FAT_BURN,1,Charge 6
2025-11-16T23:16:00Z,FAT_BURN,1,Charge 6
2025-11-16T23:17:00Z,FAT_BURN,1,Charge 6
2025-11-16T23:18:00Z,FAT_BURN,1,Charge 6
2025-11-16T23:19:00Z,FAT_BURN,1,Charge 6
2025-11-16T23:20:00Z,FAT_BURN,1,Charge 6
2025-11-16T23:21:00Z,FAT_BURN,1,Charge 6
2025-11-16T23:22:00Z,FAT_BURN,1,Charge 6
2025-11-16T23:23:00Z,FAT_BURN,1,Charge 6
2025-11-16T23:24:00Z,FAT_BURN,1,Charge 6
2025-11-16T23:25:00Z,FAT_BURN,1,Charge 6
2025-11-16T23:26:00Z,FAT_BURN,1,Charge 6
2025-11-16T23:27:00Z,FAT_BURN,1,Charge 6
2025-11-16T23:29:00Z,FAT_BURN,1,Charge 6
2025-11-16T23:30:00Z,FAT_BURN,1,Charge 6
2025-11-16T23:32:00Z,FAT_BURN,1,Charge 6
2025-11-16T23:35:00Z,FAT_BURN,1,Charge 6
2025-11-16T23:36:00Z,FAT_BURN,1,Charge 6
2025-11-16T23:37:00Z,FAT_BURN,1,Charge 6
2025-11-16T23:38:00Z,FAT_BURN,1,Charge 6
2025-11-16T23:39:00Z,FAT_BURN,1,Charge 6
2025-11-16T23:40:00Z,FAT_BURN,1,Charge 6
2025-11-16T23:41:00Z,FAT_BURN,1,Charge 6
2025-11-16T23:42:00Z,FAT_BURN,1,Charge 6
2025-11-16T23:43:00Z,FAT_BURN,1,Charge 6
2025-11-16T23:44:00Z,FAT_BURN,1,Charge 6
2025-11-16T23:45:00Z,FAT_BURN,1,Charge 6
2025-11-16T23:46:00Z,FAT_BURN,1,Charge 6
2025-11-16T23:47:00Z,FAT_BURN,1,Charge 6
2025-11-16T23:48:00Z,FAT_BURN,1,Charge 6
2025-11-16T23:49:00Z,FAT_BURN,1,Charge 6
2025-11-16T23:50:00Z,FAT_BURN,1,Charge 6
2025-11-16T23:51:00Z,FAT_BURN,1,Charge 6
2025-11-17T00:06:00Z,FAT_BURN,1,Charge 6
2025-11-17T00:26:00Z,FAT_BURN,1,Charge 6
2025-11-17T00:29:00Z,FAT_BURN,1,Charge 6
2025-11-17T00:54:00Z,FAT_BURN,1,Charge 6
2025-11-18T00:00:00Z,FAT_BURN,1,Charge 6
2025-11-18T03:54:00Z,FAT_BURN,1,Charge 6
2025-11-18T03:55:00Z,FAT_BURN,1,Charge 6
2025-11-18T03:56:00Z,FAT_BURN,1,Charge 6
2025-11-18T03:57:00Z,FAT_BURN,1,Charge 6
2025-11-18T03:59:00Z,FAT_BURN,1,Charge 6
2025-11-18T04:00:00Z,FAT_BURN,1,Charge 6
2025-11-18T04:01:00Z,FAT_BURN,1,Charge 6
2025-11-18T04:12:00Z,FAT_BURN,1,Charge 6
2025-11-18T04:14:00Z,FAT_BURN,1,Charge 6
2025-11-18T04:16:00Z,FAT_BURN,1,Charge 6
2025-11-18T04:17:00Z,CARDIO,2,Charge 6
2025-11-18T04:18:00Z,FAT_BURN,1,Charge 6
2025-11-18T04:19:00Z,CARDIO,2,Charge 6
2025-11-18T04:20:00Z,CARDIO,2,Charge 6
2025-11-18T04:21:00Z,CARDIO,2,Charge 6
2025-11-18T04:22:00Z,CARDIO,2,Charge 6
2025-11-18T04:23:00Z,CARDIO,2,Charge 6
2025-11-18T04:24:00Z,CARDIO,2,Charge 6
2025-11-18T04:25:00Z,CARDIO,2,Charge 6
2025-11-18T04:26:00Z,PEAK,2,Charge 6
2025-11-18T04:27:00Z,PEAK,2,Charge 6
2025-11-18T04:28:00Z,CARDIO,2,Charge 6
2025-11-18T04:29:00Z,CARDIO,2,Charge 6
2025-11-18T04:30:00Z,CARDIO,2,Charge 6
2025-11-18T04:31:00Z,CARDIO,2,Charge 6
2025-11-18T04:32:00Z,PEAK,2,Charge 6
2025-11-18T04:33:00Z,PEAK,2,Charge 6
2025-11-18T04:34:00Z,FAT_BURN,1,Charge 6
2025-11-18T04:36:00Z,FAT_BURN,1,Charge 6
2025-11-18T04:37:00Z,FAT_BURN,1,Charge 6
2025-11-18T04:38:00Z,FAT_BURN,1,Charge 6
2025-11-18T04:39:00Z,PEAK,2,Charge 6
2025-11-18T04:40:00Z,PEAK,2,Charge 6
2025-11-18T04:41:00Z,PEAK,2,Charge 6
2025-11-18T04:42:00Z,PEAK,2,Charge 6
2025-11-18T04:43:00Z,PEAK,2,Charge 6
2025-11-18T04:44:00Z,CARDIO,2,Charge 6
2025-11-18T04:45:00Z,CARDIO,2,Charge 6
2025-11-18T04:46:00Z,CARDIO,2,Charge 6
2025-11-18T04:47:00Z,PEAK,2,Charge 6
2025-11-18T04:48:00Z,PEAK,2,Charge 6
2025-11-18T04:49:00Z,CARDIO,2,Charge 6
2025-11-18T04:50:00Z,CARDIO,2,Charge 6
2025-11-18T04:51:00Z,CARDIO,2,Charge 6
2025-11-18T04:52:00Z,PEAK,2,Charge 6
2025-11-18T04:53:00Z,CARDIO,2,Charge 6
2025-11-18T04:54:00Z,PEAK,2,Charge 6
2025-11-18T04:55:00Z,PEAK,2,Charge 6
2025-11-18T04:56:00Z,CARDIO,2,Charge 6
2025-11-18T04:57:00Z,FAT_BURN,1,Charge 6
2025-11-18T04:58:00Z,FAT_BURN,1,Charge 6
2025-11-18T04:59:00Z,FAT_BURN,1,Charge 6
2025-11-18T05:00:00Z,FAT_BURN,1,Charge 6
2025-11-18T05:01:00Z,FAT_BURN,1,Charge 6
2025-11-18T05:02:00Z,FAT_BURN,1,Charge 6
2025-11-18T05:11:00Z,FAT_BURN,1,Charge 6
2025-11-18T16:01:00Z,FAT_BURN,1,Charge 6
2025-11-18T16:02:00Z,FAT_BURN,1,Charge 6
2025-11-18T16:03:00Z,FAT_BURN,1,Charge 6
2025-11-18T16:04:00Z,FAT_BURN,1,Charge 6
2025-11-18T16:05:00Z,FAT_BURN,1,Charge 6
2025-11-18T18:41:00Z,FAT_BURN,1,Charge 6
2025-11-18T18:42:00Z,FAT_BURN,1,Charge 6
2025-11-19T01:26:00Z,FAT_BURN,1,Charge 6
2025-11-19T01:32:00Z,FAT_BURN,1,Charge 6
2025-11-19T01:33:00Z,FAT_BURN,1,Charge 6
2025-11-19T01:35:00Z,FAT_BURN,1,Charge 6
2025-11-19T01:36:00Z,FAT_BURN,1,Charge 6
2025-11-19T01:37:00Z,FAT_BURN,1,Charge 6
2025-11-19T01:38:00Z,FAT_BURN,1,Charge 6
2025-11-19T01:39:00Z,FAT_BURN,1,Charge 6
2025-11-19T01:40:00Z,FAT_BURN,1,Charge 6
2025-11-19T01:41:00Z,FAT_BURN,1,Charge 6
2025-11-19T01:42:00Z,FAT_BURN,1,Charge 6
2025-11-19T01:43:00Z,CARDIO,2,Charge 6
2025-11-19T01:44:00Z,FAT_BURN,1,Charge 6
2025-11-19T01:56:00Z,FAT_BURN,1,Charge 6
2025-11-19T01:57:00Z,FAT_BURN,1,Charge 6
2025-11-19T01:58:00Z,FAT_BURN,1,Charge 6
2025-11-19T01:59:00Z,CARDIO,2,Charge 6
2025-11-19T02:00:00Z,FAT_BURN,1,Charge 6
2025-11-19T02:01:00Z,FAT_BURN,1,Charge 6
2025-11-19T02:02:00Z,FAT_BURN,1,Charge 6
2025-11-19T02:03:00Z,FAT_BURN,1,Charge 6
2025-11-19T02:13:00Z,FAT_BURN,1,Charge 6
2025-11-19T02:14:00Z,FAT_BURN,1,Charge 6
2025-11-19T02:15:00Z,FAT_BURN,1,Charge 6
2025-11-19T02:16:00Z,FAT_BURN,1,Charge 6
2025-11-19T02:17:00Z,CARDIO,2,Charge 6
2025-11-19T02:18:00Z,CARDIO,2,Charge 6
2025-11-19T02:19:00Z,FAT_BURN,1,Charge 6
2025-11-19T02:20:00Z,FAT_BURN,1,Charge 6
2025-11-19T02:21:00Z,FAT_BURN,1,Charge 6
2025-11-19T02:22:00Z,FAT_BURN,1,Charge 6
2025-11-19T02:23:00Z,FAT_BURN,1,Charge 6
2025-11-19T02:27:00Z,FAT_BURN,1,Charge 6
2025-11-19T02:28:00Z,FAT_BURN,1,Charge 6
2025-11-19T02:29:00Z,FAT_BURN,1,Charge 6
2025-11-19T02:30:00Z,CARDIO,2,Charge 6
2025-11-19T02:31:00Z,FAT_BURN,1,Charge 6
2025-11-19T02:32:00Z,FAT_BURN,1,Charge 6
2025-11-19T02:33:00Z,FAT_BURN,1,Charge 6
2025-11-19T02:34:00Z,FAT_BURN,1,Charge 6
2025-11-19T02:35:00Z,FAT_BURN,1,Charge 6
2025-11-19T02:41:00Z,FAT_BURN,1,Charge 6
2025-11-19T02:43:00Z,FAT_BURN,1,Charge 6
2025-11-19T02:44:00Z,FAT_BURN,1,Charge 6
2025-11-19T02:45:00Z,FAT_BURN,1,Charge 6
2025-11-19T02:46:00Z,FAT_BURN,1,Charge 6
2025-11-19T02:47:00Z,FAT_BURN,1,Charge 6
2025-11-19T02:48:00Z,FAT_BURN,1,Charge 6
2025-11-19T02:49:00Z,FAT_BURN,1,Charge 6
2025-11-19T02:50:00Z,FAT_BURN,1,Charge 6
2025-11-19T02:51:00Z,FAT_BURN,1,Charge 6
2025-11-19T03:03:00Z,FAT_BURN,1,Charge 6
2025-11-19T03:04:00Z,FAT_BURN,1,Charge 6
2025-11-19T03:05:00Z,FAT_BURN,1,Charge 6
2025-11-19T03:06:00Z,FAT_BURN,1,Charge 6
2025-11-19T03:08:00Z,FAT_BURN,1,Charge 6
2025-11-19T05:00:00Z,FAT_BURN,1,Charge 6
2025-11-19T05:01:00Z,FAT_BURN,1,Charge 6
2025-11-19T06:11:00Z,FAT_BURN,1,Charge 6
2025-11-19T06:12:00Z,FAT_BURN,1,Charge 6
2025-11-19T06:13:00Z,FAT_BURN,1,Charge 6
2025-11-19T06:14:00Z,FAT_BURN,1,Charge 6
2025-11-19T06:22:00Z,FAT_BURN,1,Charge 6
2025-11-19T06:26:00Z,FAT_BURN,1,Charge 6
2025-11-19T06:32:00Z,FAT_BURN,1,Charge 6
2025-11-19T06:33:00Z,FAT_BURN,1,Charge 6
2025-11-19T06:35:00Z,FAT_BURN,1,Charge 6
2025-11-19T06:37:00Z,FAT_BURN,1,Charge 6
2025-11-19T06:38:00Z,FAT_BURN,1,Charge 6
2025-11-19T06:39:00Z,FAT_BURN,1,Charge 6
2025-11-19T06:41:00Z,FAT_BURN,1,Charge 6
2025-11-19T06:45:00Z,FAT_BURN,1,Charge 6
2025-11-19T06:46:00Z,FAT_BURN,1,Charge 6
2025-11-19T06:47:00Z,FAT_BURN,1,Charge 6
2025-11-19T06:48:00Z,FAT_BURN,1,Charge 6
2025-11-19T06:49:00Z,FAT_BURN,1,Charge 6
2025-11-19T06:51:00Z,FAT_BURN,1,Charge 6
2025-11-19T06:52:00Z,FAT_BURN,1,Charge 6
2025-11-19T06:53:00Z,FAT_BURN,1,Charge 6
2025-11-19T06:54:00Z,FAT_BURN,1,Charge 6
2025-11-19T06:55:00Z,CARDIO,2,Charge 6
2025-11-19T06:56:00Z,FAT_BURN,1,Charge 6
2025-11-19T06:57:00Z,FAT_BURN,1,Charge 6
2025-11-19T06:58:00Z,FAT_BURN,1,Charge 6
2025-11-19T06:59:00Z,FAT_BURN,1,Charge 6
2025-11-19T18:09:00Z,FAT_BURN,1,Charge 6
2025-11-19T21:28:00Z,FAT_BURN,1,Charge 6
2025-11-20T01:45:00Z,FAT_BURN,1,Charge 6
2025-11-20T01:46:00Z,FAT_BURN,1,Charge 6
2025-11-20T03:04:00Z,FAT_BURN,1,Charge 6
2025-11-20T03:05:00Z,FAT_BURN,1,Charge 6
2025-11-20T03:06:00Z,FAT_BURN,1,Charge 6
2025-11-20T03:07:00Z,FAT_BURN,1,Charge 6
2025-11-20T03:08:00Z,FAT_BURN,1,Charge 6
2025-11-20T05:49:00Z,FAT_BURN,1,Charge 6
2025-11-20T05:54:00Z,FAT_BURN,1,Charge 6
2025-11-20T06:15:00Z,FAT_BURN,1,Charge 6
2025-11-20T20:28:00Z,FAT_BURN,1,Charge 6
2025-11-20T20:29:00Z,FAT_BURN,1,Charge 6
2025-11-21T02:38:00Z,FAT_BURN,1,Charge 6
2025-11-21T02:39:00Z,FAT_BURN,1,Charge 6
2025-11-21T05:04:00Z,FAT_BURN,1,Charge 6
2025-11-21T05:05:00Z,FAT_BURN,1,Charge 6
2025-11-21T05:06:00Z,FAT_BURN,1,Charge 6
2025-11-21T05:07:00Z,FAT_BURN,1,Charge 6
2025-11-21T05:08:00Z,FAT_BURN,1,Charge 6
2025-11-21T05:09:00Z,FAT_BURN,1,Charge 6
2025-11-21T05:16:00Z,FAT_BURN,1,Charge 6
2025-11-21T05:20:00Z,FAT_BURN,1,Charge 6
2025-11-21T05:22:00Z,FAT_BURN,1,Charge 6
2025-11-21T05:24:00Z,FAT_BURN,1,Charge 6
2025-11-21T05:29:00Z,FAT_BURN,1,Charge 6
2025-11-21T05:32:00Z,FAT_BURN,1,Charge 6
2025-11-21T05:36:00Z,FAT_BURN,1,Charge 6
2025-11-21T05:41:00Z,FAT_BURN,1,Charge 6
2025-11-21T06:06:00Z,FAT_BURN,1,Charge 6
2025-11-21T06:30:00Z,FAT_BURN,1,Charge 6
2025-11-21T19:54:00Z,FAT_BURN,1,Charge 6
2025-11-21T19:55:00Z,FAT_BURN,1,Charge 6
2025-11-21T19:56:00Z,FAT_BURN,1,Charge 6
2025-11-21T19:57:00Z,FAT_BURN,1,Charge 6
2025-11-21T19:58:00Z,FAT_BURN,1,Charge 6
2025-11-21T19:59:00Z,FAT_BURN,1,Charge 6
2025-11-21T20:00:00Z,CARDIO,2,Charge 6
2025-11-21T20:01:00Z,FAT_BURN,1,Charge 6
2025-11-22T09:25:00Z,FAT_BURN,1,Charge 6
2025-11-22T09:30:00Z,FAT_BURN,1,Charge 6
2025-11-22T09:34:00Z,FAT_BURN,1,Charge 6
2025-11-22T09:56:00Z,FAT_BURN,1,Charge 6
2025-11-22T09:57:00Z,FAT_BURN,1,Charge 6
2025-11-22T10:00:00Z,FAT_BURN,1,Charge 6
2025-11-22T10:26:00Z,FAT_BURN,1,Charge 6
2025-11-22T12:03:00Z,FAT_BURN,1,Charge 6
2025-11-22T12:04:00Z,FAT_BURN,1,Charge 6
2025-11-22T12:05:00Z,FAT_BURN,1,Charge 6
2025-11-22T12:06:00Z,CARDIO,2,Charge 6
2025-11-22T12:23:00Z,FAT_BURN,1,Charge 6
2025-11-22T12:44:00Z,FAT_BURN,1,Charge 6
2025-11-22T12:45:00Z,FAT_BURN,1,Charge 6
2025-11-22T12:46:00Z,FAT_BURN,1,Charge 6
2025-11-22T12:47:00Z,FAT_BURN,1,Charge 6
2025-11-22T12:48:00Z,FAT_BURN,1,Charge 6
2025-11-22T12:49:00Z,FAT_BURN,1,Charge 6
2025-11-22T12:51:00Z,FAT_BURN,1,Charge 6
2025-11-22T12:52:00Z,FAT_BURN,1,Charge 6
2025-11-23T09:14:00Z,FAT_BURN,1,Charge 6
2025-11-23T09:15:00Z,CARDIO,2,Charge 6
2025-11-23T09:16:00Z,CARDIO,2,Charge 6
2025-11-23T09:17:00Z,CARDIO,2,Charge 6
2025-11-23T09:18:00Z,CARDIO,2,Charge 6
2025-11-23T09:19:00Z,CARDIO,2,Charge 6
2025-11-23T09:20:00Z,FAT_BURN,1,Charge 6
2025-11-23T09:21:00Z,FAT_BURN,1,Charge 6
2025-11-23T09:22:00Z,CARDIO,2,Charge 6
2025-11-23T09:23:00Z,FAT_BURN,1,Charge 6
2025-11-23T11:07:00Z,FAT_BURN,1,Charge 6
2025-11-23T13:53:00Z,FAT_BURN,1,Charge 6
2025-11-23T13:54:00Z,FAT_BURN,1,Charge 6
2025-11-23T13:55:00Z,FAT_BURN,1,Charge 6
2025-11-23T19:49:00Z,FAT_BURN,1,Charge 6
2025-11-24T03:49:00Z,FAT_BURN,1,Charge 6
2025-11-24T03:55:00Z,FAT_BURN,1,Charge 6
2025-11-24T03:56:00Z,FAT_BURN,1,Charge 6
2025-11-24T03:58:00Z,FAT_BURN,1,Charge 6
2025-11-24T04:08:00Z,FAT_BURN,1,Charge 6
2025-11-24T04:10:00Z,FAT_BURN,1,Charge 6
2025-11-24T20:10:00Z,FAT_BURN,1,Charge 6
2025-11-24T21:30:00Z,FAT_BURN,1,Charge 6
2025-11-24T21:31:00Z,FAT_BURN,1,Charge 6
2025-11-24T21:32:00Z,FAT_BURN,1,Charge 6
2025-11-24T22:19:00Z,FAT_BURN,1,Charge 6
2025-11-24T22:41:00Z,FAT_BURN,1,Charge 6
2025-11-24T22:43:00Z,FAT_BURN,1,Charge 6
2025-11-24T22:50:00Z,FAT_BURN,1,Charge 6
2025-11-24T22:51:00Z,FAT_BURN,1,Charge 6
2025-11-24T22:56:00Z,FAT_BURN,1,Charge 6
2025-11-24T23:00:00Z,FAT_BURN,1,Charge 6
2025-11-24T23:05:00Z,FAT_BURN,1,Charge 6
2025-11-24T23:12:00Z,FAT_BURN,1,Charge 6
2025-11-24T23:24:00Z,FAT_BURN,1,Charge 6
2025-11-24T23:30:00Z,FAT_BURN,1,Charge 6
2025-11-24T23:51:00Z,FAT_BURN,1,Charge 6
2025-11-25T16:07:00Z,FAT_BURN,1,Charge 6
2025-11-25T16:08:00Z,FAT_BURN,1,Charge 6
2025-11-25T16:09:00Z,FAT_BURN,1,Charge 6
2025-11-25T17:04:00Z,FAT_BURN,1,Charge 6
2025-11-25T18:41:00Z,FAT_BURN,1,Charge 6
2025-11-25T20:25:00Z,FAT_BURN,1,Charge 6
2025-11-25T20:26:00Z,FAT_BURN,1,Charge 6
2025-11-25T22:48:00Z,FAT_BURN,1,Charge 6
2025-11-26T03:00:00Z,FAT_BURN,1,Charge 6
2025-11-26T03:01:00Z,FAT_BURN,1,Charge 6
2025-11-26T03:02:00Z,FAT_BURN,1,Charge 6
2025-11-26T03:03:00Z,FAT_BURN,1,Charge 6
2025-11-26T03:04:00Z,FAT_BURN,1,Charge 6
2025-11-26T03:06:00Z,FAT_BURN,1,Charge 6
2025-11-26T03:28:00Z,FAT_BURN,1,Charge 6
2025-11-26T03:31:00Z,FAT_BURN,1,Charge 6
2025-11-26T03:34:00Z,FAT_BURN,1,Charge 6
2025-11-26T04:08:00Z,FAT_BURN,1,Charge 6
2025-11-26T04:09:00Z,FAT_BURN,1,Charge 6
2025-11-26T04:10:00Z,FAT_BURN,1,Charge 6
2025-11-26T04:11:00Z,FAT_BURN,1,Charge 6
2025-11-26T04:48:00Z,FAT_BURN,1,Charge 6
2025-11-26T04:49:00Z,FAT_BURN,1,Charge 6
2025-11-27T20:19:00Z,FAT_BURN,1,Charge 6
2025-11-27T20:20:00Z,FAT_BURN,1,Charge 6
2025-11-27T23:51:00Z,FAT_BURN,1,Charge 6
2025-11-28T00:17:00Z,FAT_BURN,1,Charge 6
2025-11-28T00:18:00Z,FAT_BURN,1,Charge 6
2025-11-28T00:19:00Z,FAT_BURN,1,Charge 6
2025-11-28T00:20:00Z,FAT_BURN,1,Charge 6
2025-11-28T00:21:00Z,FAT_BURN,1,Charge 6
2025-11-28T00:26:00Z,FAT_BURN,1,Charge 6
2025-11-28T00:27:00Z,FAT_BURN,1,Charge 6
2025-11-28T00:28:00Z,FAT_BURN,1,Charge 6
2025-11-28T04:06:00Z,FAT_BURN,1,Charge 6
2025-11-28T04:07:00Z,FAT_BURN,1,Charge 6
2025-11-29T00:11:00Z,FAT_BURN,1,Charge 6
2025-11-29T00:12:00Z,FAT_BURN,1,Charge 6
2025-11-29T00:46:00Z,FAT_BURN,1,Charge 6
2025-11-29T23:05:00Z,FAT_BURN,1,Charge 6
